{"model": {"n_components": 1000, "n_readouts": 200, "output_layers": [], "echo_state_seed": 56422, "activation": "relu"}, "model_name": "echo_state", "weights": [-2.4337373829771205, -0.5811586048182361, -1.2841947474409428, 1.8450264068287372, 0.9403269827942001, 0.6083274820553423, 0.2713881882367648, -0.8711041068613811, -0.9163748497653152, -0.4699035440750089, 1.2587577176494542, 0.3983827945212115, -1.2996135259633625, 1.746199455888393, 1.5275978224460758, -0.18247132820285727, -0.965014091019795, 0.18165056408340408, 0.28332773861162597, 1.3525443053378954, 2.9694439750829282, -7.328177083099768, 0.17523162283013172, 0.9380538535539297, -1.901690020589656, 0.6813210119572835, -1.4047089999439804, 1.3818226004727012, -3.271049617954963, -0.27596707495707085, -0.2444525727547946, -0.2656643478072186, 0.004970093144662124, -1.4042577215723464, -0.9105533707926385, 0.69662727121739, 5.918892159955712, -3.6462093809042697, -2.022002316257598, 3.5287133120791516, -0.3592576761185706, -1.8772613110017082, 0.7667598524041686, 1.0323442975336774, -0.8938273307492105, 0.46499759734058355, -0.5416252018097787, 0.9175366489378204, 0.14385674051508257, -0.1408831110506883, 0.37690966364465595, 0.48921418275009376, 0.20841087501783373, -0.29858842271529773, 0.4924017592043357, 3.8553671438739174, 0.30036527906078947, 3.9373112714565037, -1.4572834269247854, 2.6625604759215036, 0.39575825731064807, -3.7960602230329825, 2.151123376239841, 0.9543969020334743, 1.3170292260918166, 1.1303452106984735, -0.9587441415549945, 4.732187291946838, 0.08951777828012508, -12.878607605326744, -0.7753907222893917, -2.0906996018841166, 2.7371764970636203, -0.6572138586072422, 0.8030507451372763, 0.9422047067662079, -1.8814572382746513, 2.848623026752703, -0.07690629346828382, 3.160551518515425, -2.971976502921974, -0.5131624155249677, 0.26612616024386426, 4.594597525566682, 0.5418295378430935, -2.3787891409975996, -0.3102467297424971, 2.187493304450794, 1.696859315891868, 0.7803990421257007, 0.16969264189381028, -0.4550037820766111, 0.3691321713710516, 0.36948193403138063, -0.4971470515082984, 2.500351175895685, -0.07665772850411745, -0.9773890933044567, 0.27117896879409575, 1.4029020987043213, -3.6641786564343297, 1.1431381792232815, 8.985074108192714, 0.011794077931181812, -2.696001756112235, 2.54148385843858, 12.203404163919997, 0.41642148529585477, 0.6732431298534383, -1.0377766501261263, 1.507623773437822, 3.4352838335255798, -0.6937411165632861, 2.871041851799, 0.9695856218009433, -0.09151627933877848, 0.5813312084354612, 0.12684105840704574, -0.7029904197153197, 1.224250450626295, 0.6020520389365965, -0.013158312011462225, 4.936629837281739, 0.17524089437779644, 0.0726069713251819, 0.06436800566983336, 1.0389033111656034, 2.127404353923329, -2.3717451171789308, 1.1248590737186945, -0.4529631936332944, -0.12177106905833834, -2.6031876467862034, 0.35623150876084153, 1.6485672292714622, 0.4623521827010382, -1.7380325816180202, 0.07926842814145685, 2.6584410997958017, -4.89322521779669, 0.4539810604900596, 0.5169476810161076, 0.00313885663647806, 0.9303866883891139, -2.249023485967356, 1.2710828286668252, -0.36857724409837256, -0.3137067632921944, 1.1483810911014003, 0.46043616362237505, -0.5823725983776161, -1.1953214754588686, 1.0278293463500936, -0.24445103626967846, 0.9293550943515547, -2.4200522479767055, 0.023875059479981142, -0.4227368305552819, -1.1111955410602077, -0.5958502495677097, -0.2187822667379291, 0.3644186310513383, 0.8339344895252528, -2.463542200690302, 0.7748586094125951, 0.6295489029154965, 4.578627552615236, 1.3894963114438856, 0.3374542272997484, 0.8970153562841489, -0.32054381797799536, 0.027199533758378025, -0.3954225481762663, -0.252798594755534, -0.3846903196379563, -3.3264161418941347, -0.3420633808711213, 2.1951823664730217, 0.6679740340971498, -0.9381152723353963, -1.3073734087352, -1.952021462660778, -3.937954137653498, 0.40345120433133097, -2.9787897221839055, -2.111145451803937, 3.397909001405764, 1.7481574126284323, 1.2202335125419708, 5.983074526127497, 0.840506090679688, -3.856903436036167, -0.1317285953873737, 2.1363453436896216, 0.45683757964974037, 0.06198150280357784, 1.4133566994696278, 1.9916075056101317, 0.04915262872471038, 5.0446246585089725, 0.19079706000710706, 1.3680264827033293, 2.1989516579652633, 0.9367806155607781, -0.42835533667113657, 1.861381496717298, 2.0910206069557855, 0.13264457760095327, 0.08004597725041362, 2.933087207357573, 0.3637459363332506, 1.238846590410581, 0.3290906449558053, 0.6959594249472343, 0.9960887272645123, -0.6293724585997071, 2.142355105259697, -0.7764247128165056, 1.9357010054908697, 0.6755865543755225, 0.6013169412936189, 2.523421144950816, -0.7211762081585145, 1.6227280249825415, -4.490736012835846, -0.739527119562374, 0.25078030917932204, 0.6267119904918395, 1.3855314854640235, 1.186078546239441, 1.0372408093257324, -0.24258959051816553, -1.8460469785354592, -2.4702177883562473, 1.316357095896266, 0.5886001164121744, -5.004365155687655, 0.24415363502360488, 2.497395474829848, 0.08335504436879348, -1.1292818166007212, 1.7487948069489203, 2.1407902735899484, -0.444751158827121, -0.7315864200908052, 1.7555039049443526, -1.4250553757022975, 1.2183041038742073, 1.3987314136988462, 0.7979273427183109, 3.05698314666848, 0.3598207477597296, 0.1738934282125022, 1.5739497701590301, 0.8363842356312257, 0.8648427960547285, -0.4342686926290015, 1.1623278445276366, 6.443036911385594, 0.02028031489458082, 0.5482117727650679, 1.7454313312751841, 2.637594255015789, 1.1592529186382265, -0.3402210884482233, 1.4514301179385456, 0.9324413677237775, 0.936093867414954, 0.5233077062473401, 3.126902324132259, 1.056797168584424, 4.386586075173707, 2.828347312739516, 7.410099709618498, 0.8978050376033256, 0.8662303492166042, 11.30068875622801, 0.3934756659974974, 0.7234324014447019, 1.9980506741718054, 0.3424200954220388, -0.7134221421459519, -0.3979889734455556, 0.09050957584416375, 0.6670249291904642, 1.5333806286147027, -0.5705500333515463, 3.364709477514236, 0.5706083030807195, 3.649238646707957, 0.5682278156666614, -0.8708280469577735, 0.6548521092153327, 0.33198132006689374, 1.7870213188425796, 1.086232217408336, 0.9259963832448987, 0.419136174442055, 0.13721338538532868, 1.287680284367864, 0.08704946612954456, 2.339011258580238, -0.5597209268871075, -1.0543684430125864, 0.562819598495076, 0.6375576337685358, 0.8516985375392743, -1.7754778893616043, 0.4396596984327601, 0.9422643665442911, -0.08232170342196465, -0.5020738878967427, 1.9600570459244957, -0.5270657551557036, -1.4299730481964175, 2.4425070559616615, 2.015916195066223, -0.7084822256547311, 0.7373897763800006, -1.753793662768068, 2.9841836763748786, -1.5458587677536875, 0.6164376818691012, 0.9753732771464209, 0.40730535650972577, 0.6508026901433797, 0.6407205877806166, 1.5390238341091733, -1.890963364013472, 0.6371093900942304, -1.582198561731234, 1.1960458645738647, -0.7181439553963402, -3.617574902668186, -4.573042731903868, 0.2937618730273863, 0.26429975277375495, 0.5224507881642309, -1.8283917907475247, 0.36737496786733204, 1.6170038790415027, 2.4392687077753568, 0.26496003691630643, -1.7608780483169455, 2.161767505050637, 1.0619937847764205, 1.9404032326433203, 1.421696265474932, 2.3692903369726004, 0.3667822529418576, -1.2227166883837466, 0.49370269376633247, 1.7614007892648686, -2.3998019358557117, 0.7149593023218841, 0.5776614367196636, -4.4821180316532185, -0.8887243702543857, 4.857041231495683, 1.0486052535933303, -2.823026015837625, 2.3891770779994372, 0.24975039876850935, -0.2893534612225038, 1.0227492604757769, -1.6196330132171366, 3.958992551753124, 0.7261614748456291, 2.7477048832174353, -2.0139858342714887, 6.801514484604714, -4.852625617214641, -0.4074536650585454, 0.6033491811958576, 2.8504591098894223, 0.5999134151995444, 0.9179325804294967, -1.2993464121780383, 3.509467568672981, 0.08076398662470985, -4.322153592594393, -1.0736559655552216, 2.7335426020241966, 0.41908775367096596, -0.01896624508485112, 0.0766003425152264, 