{"model": {"n_components": 1000, "n_readouts": 200, "output_layers": [], "echo_state_seed": 56422, "activation": "relu"}, "model_name": "echo_state", "weights": [-2.9332166240251625, 0.14567773271133733, -0.9941314869292972, 7.335998113429855, 0.37867420997278356, 1.9608267746176251, 2.660185393449815, 3.1767095925055124, -0.48789019776145015, 0.6845970457184015, 9.821612839010463, 2.2221047112565477, 9.013042274432962, -0.804240200768672, -2.096544980835888, -0.6055366753318903, 0.28816452288395134, 1.7119124606031426, -3.714014263353452, -1.550823571621383, 1.411606682842475, -1.0159279814033715, 2.1692885984936043, -1.676915512739715, 0.32275437550719566, 0.6535733193322028, 0.47111852042902425, 2.37402558463553, -3.053172516825028, -0.37523098014247624, -1.7353009093879335, 4.0167079383327, 1.9317370300048058, -0.4106693619898856, 4.207429542692593, 4.1889683801029065, 5.77551379027781, -14.082346143173488, -0.7488507817018312, -3.774884239359312, -0.12619934941720956, 0.27479026442179977, 0.10939992546033395, -2.3010182706997786, 2.5925805318054533, -6.833856742013223, 0.6275977963640195, 4.140637001264102, 2.9130788653395685, 4.444002013676323, -0.11729334098224808, -0.42833353655760686, 1.5574466805332148, 0.42605801335633986, 0.23048460538998372, 0.3010301108427601, 0.687026942685234, -2.48774025547798, 0.46851150059681046, 0.6159336701205663, -0.3212930465157807, -1.7581791653432557, -2.9536320649622443, 0.33419671153684904, 2.7619166321328565, 0.8254470571423601, 0.4447356538359001, -1.9345404881720336, -3.1807554261555615, -12.947464479206111, 0.629113619912119, 0.4267797530586135, 3.6878228920115714, 1.2071273026914584, -0.7111096671874124, -0.42378774209071846, -0.48672812155408296, 0.04232670765809399, 0.5546991765833158, 6.405409734022486, 1.56570939335771, 4.045621150575498, 0.8485795900316853, -2.6410557312014156, 2.649009174647487, 1.3836619673970572, -0.3838973551964927, 0.8511028827674242, 4.711205687018245, -0.45007476408359937, 1.6457297367940744, -8.71905097398078, 0.8495844876827559, 7.302212250435575, -3.1792069717506957, -0.9637363199190383, -2.043615607456708, 0.8840215162805187, 0.6449788942164892, -0.5452195648593423, 6.663621809713353, -0.02814237993260127, 5.843893391588338, 0.9076262263941726, -4.919096741018199, 0.7073562939338627, 0.9852699881009016, -0.6239079456594308, 0.8295047849219968, 2.7085817622602004, 0.7303915082801328, -2.1321119564224738, 0.24672261750330304, -1.864761852519121, -1.8081861462942177, 1.69825651167738, 0.7436025175606176, -1.0350389667020585, 0.9099858035225735, 3.4001635897611657, 0.20765736446999172, 0.2124259653445697, 8.880537085711023, -1.6145171478587552, -3.3632959785300622, 0.6915792356915359, -0.0652858586125985, 8.949576063258753, 0.25676951553791316, -0.28310020690760984, 0.41026913833171685, 0.676472143492411, 0.25105040775755083, 0.40424020628595037, -3.9738611188223545, 0.002161493403337711, -0.823646922034038, -1.0515771514631171, 0.14320854386383752, -3.1604392496466893, 0.169422402093247, 1.4543225364790704, 1.9121857317350046, 0.9603868481215201, -0.8649540346555069, 0.16383087410400343, 1.147010858662882, 1.471273128219447, 1.1272378902832418, 0.7182728321618272, 0.1358324284132657, 1.1226338707331056, 0.7761714920402237, 2.7463757693500828, -0.9008957860525851, 0.33579608174017306, -1.3429767975258768, -1.021822488447838, -0.773035324487079, -1.0781268396744526, -6.004340697137007, 0.25955224866498816, -1.323471135660014, 2.867070385883909, 0.5612785689573986, 0.49902279187328147, 0.8778047986089849, 0.8608492569300217, -0.03159594419985712, 5.132077309359715, -1.5101671610215979, -0.2605911403773462, 4.2596002775788655, 2.655655376901673, -0.2768822307961525, -0.5149593684923676, 0.6819042399164316, 1.214761044150726, 1.1435662330254184, 0.4624266847421955, 0.7166049754174555, 3.3654393924599377, 1.091723917621432, 0.16258247411535698, 15.875817948468903, -3.5202420620980917, -2.08191757900745, 1.6402793740924058, 0.001983538051535616, 7.231701954987077, 0.11834533371787792, 0.5191676019991975, 1.1183924607349915, -0.09340878497529004, 0.6829502568437782, 4.002556089690103, 0.6251825474022523, -0.5165408833156069, 5.357921966628531, -2.93222800065653, 0.9269123250757575, 0.08825269722761031, 2.1847816663873507, 1.5605981472404147, -0.3958316967358543, 0.5356637611996143, 0.949586767564585, 4.5332416357357515, 0.4443551711758498, 0.8243583232929246, 1.420953823255673, -0.374277990623039, 0.7657154110664918, -1.4466161796512276, 7.574821040476175, -1.6246049070378783, -2.066415436721205, 1.2112492557178958, 0.33509243426834256, 0.9412445210228856, -5.2899190241568235, 0.7286423237169002, 0.4626591868017407, 0.20634665193981405, 0.46417655281888437, -1.1303280352268144, 4.030449786659711, 0.11655770937642052, 8.709867411590059, 3.3366383203804024, 1.861035329464702, -0.5820216785934781, -3.5467020097886195, 0.8129451480875122, -0.27545894304795704, 2.26617134822272, -3.2328860607243373, -0.3200458839717836, -0.2042666700225535, -4.722953581738368, -0.7023330017108939, 4.475135577830513, 1.1661773509631166, 3.280941822379662, 0.3330779211775241, 0.07931205922002249, 2.1224161856587362, 1.4924956408908217, 0.848298445360438, -2.466864622212313, 2.367686138054013, 0.009184087842482702, -0.8021480793899614, 2.231078057427164, -1.8921570953101667, 1.3116581029635208, 0.6526667334357805, -4.538191502854315, 8.255880112242284, 0.8044425554036971, -1.070813215401102, 0.2838781815907132, -2.9250623819066055, 2.734784072403306, 2.0585772661048463, 3.335189042598712, 0.1498381341879681, 0.33907190779980845, 1.3405231226691523, 9.44613725015484, 0.06430254792002177, 2.373412509155581, -6.181360112570692, -5.435916598548965, 0.6884877913115593, -0.8426457180135978, -0.9249807566368808, 1.584985073806036, 0.2000162612658265, -2.3675842219208993, 2.4164144677474235, -0.19783796337662807, -1.9312305343822385, -0.6073812521989752, -1.3376458000206908, 5.54090955458061, -2.6596315795870127, 2.424065707183069, 0.9675699105213528, 4.059107472203032, -0.24462380401820027, 0.1800903986405492, 0.17867424592830128, 1.559754582175926, 2.1556333229440034, 0.3608148857300355, -1.2434135583659696, 1.3476392197114957, -0.0835528057262378, 2.444164323349767, -1.3504747785629845, -0.29446764467420894, 2.1320984523344437, 2.8124731054189773, 0.41145719803132763, 0.9920479749499371, -0.46435407492342917, -0.42564600648511086, 2.366252635503078, 0.8131717284122687, 0.7173540894837923, -0.5669505373890475, 8.73301492085129, -0.06999316430065805, 3.061302966516932, 2.0026099651737814, 1.3160387358118268, -1.4634505024786524, 0.5964658448016319, -3.683657098274603, 2.7692114170342004, 1.981339181208782, 1.89601898749712, 2.1968019584321827, 1.1812280120281702, 7.546628992233433, 0.31124397646395663, 1.537721219737545, 1.6714242474502634, 0.37516703057530754, 0.6160385283399571, -0.3943313338192441, -3.9190456016877153, -1.8171070750505418, 6.59361088003501, -5.361145393162567, 0.26429975277375495, -0.739032116175709, -2.4622670978444265, -0.4757190679150628, 0.4787113255212724, 1.6165968173095373, 3.2150035450694383, -4.459537000325329, -5.137452162215715, 0.9061090806470379, -0.9775358661934453, 0.5573205628288173, -0.7135264981382323, 3.5108844261009753, 0.5653026914604504, 1.3156383746869205, 0.24327539730303105, 1.5613168711316963, 0.2982369794387356, 0.751147243951441, 3.5370181434028933, -0.08776460872507907, -4.92429198045566, 0.7931220953033533, -0.8442507200936767, -0.6596885437755606, 5.097418848382036, 1.8861821032047392, -0.4014481338774878, 1.7344288648382276, -0.06585247412053252, 1.5023343202736181, 0.2522627019075204, 2.6819494458752016, -1.432140450696762, -6.376536911373524, 1.5043115042417248, 0.8181041683217485, 0.5878903483730982, -2.575608272283769, 1.1467378381496551, -2.6444495014495706, 7.152662035275544, 0.6567750416599724, -0.8441349143563994, 2.35978008975289, -0.1351779246256678, 1.5482315199264787, 0.820210677805747, 1.110450309299046, 0.9593798543869475, 1.2212155844504073, 