{"model": {"n_components": 1000, "n_readouts": 200, "output_layers": [], "echo_state_seed": 56422, "activation": "relu"}, "model_name": "echo_state", "weights": [0.07937116750926154, 1.4461170124792773, 0.12369758664107244, 7.002870871138632, 0.5053096936341429, -3.0975423949010445, -0.6402395670988505, 0.4142009255718303, -0.1268661933277072, 0.3199642536897208, 4.022866728108767, 4.270940746930343, -6.11349659964576, 1.99287501022445, 1.1443557507673066, 1.1123528889526446, 0.9596555702380664, 3.1721901275368185, 0.28332773861162597, 1.352544305337895, -1.0198305724953471, 1.5762148199200192, 0.6006066291871826, 3.29056879526194, 0.5342029164331896, 0.6635595228544261, -0.5279098477461708, 1.5864884364074032, -0.6268453622929901, 0.2513223140898344, 0.042300745196308775, -0.2656643478072186, -2.5003035389573958, 0.8851830581529091, -0.9105533707926385, 4.557763644005376, 11.297194779671106, -5.392964844262027, 1.2405665200114853, 1.1777929667407343, -0.26742327044075576, -1.0999113871377992, -1.7194431472559026, 0.14450010329906138, 1.5245224715049894, 0.3420188249778702, 2.319405004604579, 5.467377068419881, 12.74185554959137, 1.9454333571250921, 0.6833257201576832, 4.458044854062998, -0.9139334336828338, 2.5621594306191104, -2.5338056383341225, 3.7440486052931, 3.053605635754011, 3.9373112714565033, -1.720094749909157, 0.874170682157026, 0.3155187863656833, 1.7832732950749954, 2.314815873189189, 6.832733620945771, 1.4390656879125696, -0.2348150371176294, 1.3842401782242884, 1.1914329394607317, 0.08951777828012508, -16.358786182288867, 5.748441221899995, -0.8436824661349701, 2.5990216411184512, 0.5442926312047802, -1.5343319885730833, 0.677961478904701, -0.7695168259257126, 2.647160871397711, -1.7521944489701677, -1.7870704474044232, -5.241361662947874, 1.2930410463866386, 0.2661261602438644, -0.8729022254020107, 0.5418295378430932, -1.6532072375532447, 0.6385072986391995, 0.0704054054654033, 4.583143118397405, 1.0266152624289044, 1.0889589583201837, 1.957691426980412, -2.050195032285808, 0.3694819340313803, 2.114762854713117, -0.03631189381637401, -0.5401069548428348, -8.692753664164805, 0.47707584545411774, -2.486244646494116, 0.36726139416730375, -0.9762282182407694, -9.197309672877669, -2.6065732665970938, 3.593953828230465, 1.199586667637254, 0.42591397385885077, -4.051720691896687, -2.583274741555277, 0.5762845240170466, 0.8561444498056684, -0.3507805484809323, 0.4145858952522893, 2.871041851799, 0.4230588091967248, -0.007956423695290149, -0.7608571382602936, -0.17932083697493628, 5.607939124205028, 2.025615409833798, 0.6704897016208442, -0.9737633090022972, -10.86941427888528, -0.26156106464822726, -0.23929561977385483, 3.900820805099463, 0.5653090865940442, -3.8270138054198934, 2.3704045189127196, 0.8541362987919779, 0.028964574173389046, -0.04288967339926475, -2.6031876467862034, 0.5119990545679177, 1.6661161963859188, 0.7005586820189093, -0.35284653937358335, 3.1679813774266568, 3.4803309072666058, -4.75166310186012, 0.5748235482096303, -0.5006921337106616, 1.077742885196477, 1.2886948703517098, -2.249023485967356, 0.6712987120202403, -0.36857724409837267, -1.5823683329619085, -0.8385239624658694, -2.1375490297381967, -0.4343948880860391, -0.903143931581846, -5.886056159214891, 1.6471987242439166, -7.547441132051166, 4.193178042535161, -0.06122256464420617, 0.314077376419847, -0.5128454819802375, 0.16581506912485566, 2.3211620519154925, 0.15054086674936895, 1.2037213666467395, -2.581109185550846, 3.4006806313411158, -4.637199421100015, -1.1985201377576615, 4.628530318457763, 1.7242807655447407, 0.9259260394235423, 0.142294328793651, 1.587149561271441, 0.6617805281859734, 7.912087018596411, 0.4335960047913461, -0.8082248540521397, 3.3612073674199636, 0.06430345123949954, 0.7777832468662114, 1.3445348607236944, 0.6121806655353401, -2.8842962503264946, 0.21255393087423435, 1.8392314099233662, 10.268389730331538, 1.6838681067975572, -0.48846015110957897, 3.4936966006099692, 7.449449666134264, 12.027769800023668, -0.1754787343961426, 0.8926550463744866, -0.049376247784510774, 0.644085833693703, 0.31810444690347206, 4.453629297550403, 0.5811051324247836, 2.992873839748948, 1.2903711936247686, -3.001373460895798, -1.603789029560706, 2.9481832262704004, 0.6213993578945021, 0.9367806155607782, 1.9758787638190625, 3.0001872057045698, 0.30172525243134307, 0.06085259591841197, 0.647257164086224, 1.0887402170613, 1.7691342007163806, 1.238846590410581, 0.3127942053369429, -1.3855874786051237, 13.839671006121524, -5.076856882369421, 0.7114542418642292, 2.0682682977778284, 1.2147974425583281, 0.7559127694856487, -2.7534351506462666, 12.126728133505035, 0.15166596973011115, 0.3395641196373189, -4.490736012835846, -4.4004466571166, 3.9161044275927237, 0.6935264272259882, 0.35900076807926373, -0.6571275503989475, 0.36960544119526884, -1.031226242281489, -6.909866426315354, 0.15744110326807126, -0.27479745520984844, -0.5753478955191187, -3.1501901360509224, 0.44750056584990205, 1.2963547869080894, -4.738770664640203, 4.6308863240134555, 1.3192434229208736, 3.0504144244301905, 0.5261919076429469, -3.8881053790240503, -1.2757245330972746, -0.86796478080598, 0.657454487144622, 0.5441894960264199, 3.0898873117631656, -3.501791353701311, 0.3598207477597296, 2.806973117344567, 7.991534499429768, 0.021604573488342105, 3.640354322222606, -0.5984693362639631, -7.0513077866938305, 11.46991360942637, 3.0759203170778555, 2.373033215750635, 1.1555004644828935, 0.37211424318829156, -3.5831437331800107, 4.150178765132402, -2.1858774547210844, 0.554476773050198, 0.20105701750097493, 0.44165448777954897, 1.9607058649563536, 0.15706062725067116, 4.386586075173707, 1.0992096932842124, 9.274804430269743, -0.21857151581258094, 0.6411186943483422, -7.058645913097111, -1.504556750844126, -1.8009693295438938, 0.7655167164914561, -2.9074346789001653, 1.3421937951456688, -2.6273625390571493, 0.08674327262335257, -2.1204555027954206, 3.8021555381792016, -8.74613057593864, 3.669925700348664, 2.5013114222964057, 4.464288096379893, 2.718938899941797, 1.4594131446523324, 0.559736736452846, -3.382604786513524, 1.489016122319845, 3.726989339129856, -0.026373712761485257, -0.4344958766345077, 3.547261124460947, -1.7646154741798896, -0.31669875970978245, 0.9853876749330482, 0.7816994601576898, -0.726891787370046, -1.0456945679392557, -0.2579346013307894, 2.0645686698503876, -1.815946006202315, -0.11846644533265538, -0.4327278777061925, 0.6451167386079064, -0.6207284217916911, 7.061878139185689, -2.681425431259803, 3.9336437518053486, 3.494528038638049, 2.612419081898113, 0.1723939944476146, 1.018072778903615, -1.7537936627680675, 1.9779766116791837, -0.47250651318697034, 0.052002996123460044, 0.7049721993719067, -2.379662130432168, 0.1650838131740694, -2.13938478029007, 2.6714994631239906, -1.6693808096730807, -0.3337814476694312, 4.7957842064708265, 1.8068959000441338, 2.6689941765116165, -8.553225189361944, -4.512286245048547, -2.1487577613813276, 0.4373522936844938, 0.1673013799931501, -0.2312528807199956, 0.6287888414890628, 2.599948299926618, 1.6165968173095373, -0.21497845793508763, 0.053920283021291704, 2.161767505050637, 1.1479682954705985, -0.8962520381976524, 1.7709837394123262, 3.1440282704476186, 5.2044989469372025, -0.8401554109241248, 0.49370269376633247, 0.7112404451215916, 1.6566039494353642, 0.25861608279835724, -2.5417453618362886, 0.6134074582578637, 1.16343266444773, -0.044497209693384, -1.9699083783365272, -1.320264997822005, 5.357568728362615, 0.24975039876850935, -0.2893534612225038, 5.119369086598942, -1.6196330132171366, -1.8173278203860903, 2.2157112446780545, 1.5116490862300411, 3.095178748115562, 4.499811499263917, 4.171061860458501, -0.8075301226131498, 0.3923987469098228, 1.7835534098635248, 2.5483301169878594, 0.9179325804294967, -1.2993464121780383, 3.660512452177986, 0.35657304264406, -1.0106118874539123, -3.156599229078367, 2.733542602024197, 0.13392283848654374, 0.4893042651857461, -0.13036269675274814, -0.6377316331006937, -7.235919910026393, 