{"model": {"n_components": 1000, "n_readouts": 200, "output_layers": [], "echo_state_seed": 56422, "activation": "relu"}, "model_name": "echo_state", "weights": [-2.6826666751612764, 1.8413163976152667, 1.9769729405593792, 0.2951560388218386, -2.7384359789775683, -0.5989781022587303, -0.27442832012077134, 4.825005656591066, 0.7564582724266573, -1.3169503929814015, 0.14706185056658838, 0.3736198063012518, 2.2723676327194617, -0.550990913517019, 1.1443557507673066, 0.43393630639861824, -2.517652778540206, 3.756090756755848, 0.28332773861162597, 1.352544305337895, 0.06517199589720701, -2.5802519780337008, 0.9331117965354427, 0.5036886093282389, -3.743125542902125, 1.3895852152944435, -4.610063134902755, 3.3333667003014016, -1.7415255916821706, -3.9193471702402234, -0.14221159001688966, -0.19433081917848305, 0.004970093144662013, -8.487236524524246, 2.9137909254984082, 1.9318172207162565, 7.0279333894953115, 0.3222811122354532, -0.1496620204569461, 4.332633595292225, -0.26742327044075576, -1.3111330408273236, -8.288978661410695, 0.48511013971817274, -2.4161785146193404, 0.3420188249778702, 0.8224824060872709, 2.3331112566011223, 2.8721743942124984, -4.7967654519527665, 0.37690966364465583, 0.7907505636052584, -0.7747097525250095, 0.26916976581085583, 0.3386899547751696, 12.297999946452341, 0.8748503821436078, -3.1107028838805917, 1.6012575240280282, 0.8120050968008808, 0.5861718096357943, 1.1129888092153628, -2.0919387026312135, -0.29621830008407257, 1.3057529767767686, 3.3135211284820114, 0.9673439369118403, 2.02123789561433, -2.8821416477275728, -0.42504596343356826, 15.244864243617723, -4.9313411382820735, 2.3708903966742523, 2.635191438562743, 3.69694663694211, 0.9422047067662079, 0.6915965911036821, 5.854085971077085, 3.0167070478289313, 3.213798096475506, 15.541232388344294, 1.0916388069197378, 0.5706207030239493, -15.175059682399997, 1.995385854604913, -1.5412039893486114, 3.4529789642811073, 2.104941906728145, 1.696859315891868, 1.7544238474648477, 1.0889589583201837, 12.656363247199721, -11.356525685446478, 11.214059863347998, 0.2043641654692011, 5.6555182618714355, -1.4176627504972084, 2.878080604591411, 0.7827792354447763, 11.863541027744269, 0.3140438069184325, 1.1790165970861877, -2.703392802047942, 0.6933626151747102, 0.04865766366171331, 0.6557871984142774, -0.1469628248948054, 7.616094269457149, 0.5162251609581348, 4.354313925883071, 1.208585663337589, 2.494242630254651, -0.6937411165632861, 0.41092369932697803, 1.9391785373764963, 0.8801090398006964, 2.7426219387632598, 2.1563667198914738, 3.6153484677988614, 2.358141316524745, 1.0591437296403232, 0.21757492962663527, -3.699038685301852, -0.27475789497574876, -1.262950690479805, -0.4979195113404583, -1.5531351554265718, 0.8814103323232498, 6.957123798736401, 1.2481300188473727, -0.3515307336523189, -0.04288967339926475, 0.2543838667584759, 1.4670231406478598, 0.7843700223034287, -0.47904433836062854, -1.165147383081837, -1.06923287996285, -1.247712617295213, 0.3475642811617412, 0.4539810604900596, 2.120147729464578, 0.5506861990416905, 1.2886948703517098, -2.249023485967356, -1.3844522290255696, -0.6741823746546842, -0.6288222419137384, -3.182377907566557, 2.628280100462071, -0.5823725983776161, -0.9075051393719595, 0.4394778103083503, 2.200994916461321, -30.58892776247626, 2.8523623094701414, 1.1680935899688698, -2.24585451704717, 0.5282558478177746, -0.3946783531505742, -2.274104602625297, 0.3907855236465799, 3.2803987813425937, -2.581109185550846, -1.079692607450497, 0.5804292523434124, 1.1484398866384546, 0.8865815337585476, 0.9367245558534902, -0.10370746693029276, 2.5193949581671324, -2.9891075666174514, -1.2413112089005454, 1.1813437391299415, 0.739462488763221, 5.5180685801550915, 0.4562521063163498, 0.5554972801696314, 1.0403965213810435, -0.625737160411, -0.22360748781805817, 2.4049525158191005, -0.8397643988477517, -0.9262021476454589, -2.466251689430702, 3.264050122363802, 0.6872986865261582, -4.842565245467805, 2.1844533172801595, 4.079244277124708, -1.8133223403676346, -0.15612939799725734, -3.291197503815206, 1.9182418550005143, 1.5714472341683055, -0.6545817238844253, 6.849601041699351, 0.4106963384019875, 0.8177884305894194, -2.2478621347626775, 2.4529789119681826, 0.6697947619080709, 1.285471023348491, -3.384832167663326, 1.1683894578490197, 3.454034805242171, 0.30172525243134307, -4.314607905386182, 0.3246712051909675, 0.8311028462880545, 0.938413743858144, 0.34978938233706824, 0.6453473313375695, 2.2770125935031054, 3.4709285892706934, 1.0549164787386998, 1.1881988656787956, 0.8531296893036515, 3.566554437118261, 0.7559127694856487, 2.1545829366219915, 0.05055952811237496, 0.3155218931442877, 2.758404522752808, -0.5297140494738748, -1.1669698351850772, 2.08357652954797, 3.120583265131712, -1.8703850571285914, 0.5761858397308158, -0.25622023916226677, -3.6852922763855056, -1.8498027565406492, 2.2479268930828633, 0.3940379620316399, -0.9071352352708363, 0.7990865230654078, 0.11097752458514809, 4.653568144072047, 0.042481905695438305, -3.115968016525039, 4.956213338691188, -2.6209177665427754, 0.9813685791923809, -14.787423452422008, -1.5023956665152913, -1.2099717369961267, 1.4171494483653544, -0.5402262349043582, -0.26131359233653106, 0.13722370723332855, 0.3598207477597296, 0.8311051813756216, 4.215555559799188, 4.382485511235676, 0.8648427960547285, 0.20779046470475382, -3.547419891433089, -3.3219424739514514, 0.9024801108612865, -3.1161171474844447, 1.7966406664077423, 0.37211424318829156, 4.609655071344224, 0.8732688539019087, 0.9292330879776204, 0.3132771073873132, 0.13852483184387732, -1.6528802548982129, 2.9171677042721704, 2.1199279163101252, -1.1434655449977287, -5.18469140319972, -1.9095941804996264, 2.6764036402265647, -0.6931056204766248, 5.940512878961107, -0.31323349306544246, 0.7541594141426762, 1.8734971168011691, 1.7519105759079854, 1.6244045859696778, 0.5468974493760396, 0.800073432076868, -3.0707580357080526, 5.890269557936753, 10.564877500651598, 1.6411588420218588, 0.9470755824327759, 2.284660372485172, -0.147878423145275, 0.9543553453248445, 1.1651813865873453, 5.085714843896252, 0.5594896960579017, 1.5459584231943424, 0.2622967323389047, 1.375899704774862, -3.4763606412537027, 2.3558625784646487, 3.9905329035958346, 0.9853876749330482, 2.3378860491432882, 3.050616009347138, -4.9751832135685925, -0.4149382150405889, -1.7764352106273784, 1.7257265521840166, -0.11846644533265538, 0.9422643665442914, 0.9303266905938792, -0.6207284217916911, 0.8431370957684449, -10.633677370374837, 0.8550826729017889, 1.7636789402571749, 2.4783684399974906, 1.8597349772650724, 0.7373897763800006, 0.9160126468638667, 0.6410284616185701, 6.527203649428857, 1.3773706317239025, -0.70088835354468, 1.5503742313656188, 9.88951096504772, 1.9782537310850659, 0.024509076922119233, 3.123556773194731, -0.3186522660153488, 0.3211704370974212, 1.1960458645738647, 4.342108702568573, 0.6959733294585821, 5.547330999342088, 1.0469400710714891, 1.301636069285637, 1.2741963793695406, -5.466565490823115, -1.912622572540342, 3.5042345103844244, -0.4583544629879096, 0.9410648781804654, 0.737477252117378, 4.491328758600732, 5.646835396803026, 5.813503933953318, -1.146046380651123, 0.26160585903957867, 2.3512835043534177, 3.8486876544915782, 0.49370269376633247, -1.740592346113627, -1.3854477663270106, 0.25861608279835724, 1.9440361974407874, 2.47782704763702, 0.06809247169847421, 1.014494560637282, -0.9899565742228322, -2.5564167594495038, 2.873102481089788, -5.82662511959133, 0.5258795620671377, 3.1225633665955996, -1.6196330132171366, 0.4919637918880321, 0.13745195476226324, 0.4600926470364657, 0.26914299453082924, 8.047646660821306, 2.475922879492547, 0.2896103176552428, -1.3188999492901936, -4.2950545685050425, -2.02785881984169, 0.9179325804294967, 2.3840495429910096, 3.509467568672981, 1.5793546252641646, -3.169089263451173, -8.052844055480403, 3.3061571749675474, 0.31289380092622965, 0.2919669606508686, -1.2277834382947104, 0.49438458251414674, 0.6320857260016812, 