{"model": {"n_components": 1000, "n_readouts": 200, "output_layers": [], "echo_state_seed": 56422, "activation": "relu"}, "model_name": "echo_state", "weights": [-3.053770764901804, 0.2933133385364304, -0.3340341519474893, 1.2595063457735263, -3.2605979615685134, 0.21712909544514158, 0.8553286247908959, -0.5329565175050825, 2.121433212015902, 1.6728595856410249, 9.599162233278292, 1.491253114940595, -2.10780498197354, 1.4446835696961298, -0.6103027426727347, 3.1720502606106513, 0.9519082676168331, 3.901173446702158, -4.508104143229196, 2.2547288581201634, -3.760607785408567, 5.563663180809152, 0.43135109344615163, -0.8623277519040449, 1.128385042279301, 0.9979613688958977, -0.8469279203172949, 1.4351106319955214, -0.5043168241658877, -2.112885206957582, 0.3891604626859456, -1.1862695265760217, -0.2784327987812327, -1.474408701925348, 0.4358269113196258, 0.4992837034528511, 21.44298801660588, -2.7104070760765198, 0.7085439478597905, 0.6417432542251751, -0.10188933037720438, -1.4792261818624577, -3.657190123439574, 4.111389617184816, -0.04984949227434177, 4.001245675907963, 0.6462704162013987, 0.5619244866250543, 2.3862756235777294, 2.0951540766821775, 3.7309379621326038, 3.30209818300103, -0.042520792620108105, -0.6154045265408467, 0.1931228402637365, 3.077974873914016, 2.936200756529168, -0.8469191241239672, 3.0261848970741356, 1.3931524567398252, 0.6312893123327309, -0.014848166899301685, -0.2880445154098663, -3.620434096504088, -2.316035320902206, 1.4816094973234568, 1.4325936524930154, -0.5779255554781542, 0.5506325273149864, -13.837365304450852, 0.011492469633537561, 1.7300221538203906, 2.869869451501732, 0.5495227475227586, -5.457374154794833, -0.9605011079031592, 2.5915012104311685, 0.49239512548051945, 0.16138678033737297, 1.528094745716765, 4.84196154890825, 1.395091459060446, 0.26828219553948784, -10.534945232511213, 2.497490064970531, 0.05936547787583579, 1.892783607678446, 1.201064444204691, 0.25708496580372264, -1.7095464896700139, 1.6403901090655053, 1.713321116381909, -3.5321362576698574, 4.771273065107085, 0.9944828824521341, 0.5637751984296409, -0.006991396702584751, -1.818513951009876, -1.3868241384223126, -0.44186038590842647, 3.9729872006167684, 0.3937655228481147, -3.02507483907509, 0.893787427009998, 0.19247504794304482, 0.519406915416066, 4.239382547216666, 0.4863521526077128, 2.3855221285973442, 2.2275888301334317, 4.373549369816066, 0.5530368534585615, 0.8870327259670541, 1.1056764007404059, 2.3085395250706626, 0.7775253503771615, -0.34576409450841705, 0.4725713992354901, 1.2205574663665613, 0.16137337151482933, -3.779982954224511, 0.05191116966906284, -1.3570306037321092, -1.134751172933031, -1.8997578166228428, 0.09877688033474818, 0.05724830973243267, 1.8568632093528201, 6.092686937012173, -3.0629604613591006, 0.8154086413224756, 1.7120663324513794, 1.7558757556310414, 0.1127511776213892, -0.3230584631460912, 3.5093614286123493, 0.12610357581087106, 3.4912668934653204, 1.3895507191748757, 1.914064123626559, 0.3655732620752621, 0.27303883288624753, 0.9334944356516044, 2.7214246934098387, -0.10335896023501945, -0.03814752606375493, 0.4307503419657628, 2.80515022527113, 1.4545815085161478, 0.29942109713958365, -0.4279701744320391, 1.8756340549329131, 3.575763866997012, 0.3045360298156857, -27.789491670104198, 0.8728945485513743, 0.21299309457842863, -0.18619186380638508, -1.1111955410602077, -2.285597750314275, -3.6751085085356463, 2.2374262023299343, 1.3330134382245844, 0.8271571706282714, -0.4742580747226395, -0.4508062941747961, -1.3402564429130743, 1.4484437238496608, 10.76101481875677, 0.9259260394235423, 0.09011412074950109, -2.996546602101656, 0.9235552132401574, -0.2903970292163952, 2.670983634758149, -1.3538785013746668, 0.07545540317690635, 0.3190440313536629, 0.26683344065679104, 0.09364528005058415, 0.03518759964884788, 1.7854712442824878, -2.3354329179941677, -4.044548897702098, 16.271632576706562, 4.9345114205381595, -1.4129238928081955, -0.7693582664368996, 0.5168527209283295, 17.64064775728173, -0.09997978586201661, 1.298764892011444, 0.13795306889924663, 0.6091332300325734, 0.2766874044530002, 0.2538775483056547, 3.1442682980898935, 0.3335536146013144, 1.4936699448933544, 2.090167052520083, 1.1426227945989877, 0.2183271091828567, 1.0565102088845597, 2.14703728430351, 0.30009591491765164, -0.7244622232887397, 1.0592710925962874, -3.047203770750558, -1.375074840185333, -2.120052900219587, 0.49690933713063445, 3.156126652636673, -0.29741422225403147, 0.6306604492018236, 0.9409461241339447, 0.25814026574842774, 0.7114542418642291, 0.2537806010834941, 1.6506664714525623, 1.7421491549000527, 0.48249494945908045, -4.139572546153164, 2.154343587904893, -3.8941813741329625, 1.6341258542798351, -2.6933225932514273, 6.0867009866257415, 0.6935264272259882, 0.6128305227248718, -1.7521424886534018, 0.1634917607030767, -3.570171484194301, -0.2037413867548309, -0.2625611486186795, -0.4917390597854756, 0.44210258397429203, 1.9402125451922518, -1.6091871029175009, 1.788620706546479, 14.962169240626055, -1.8049329781102181, 3.559298230924141, 0.3331704841553763, 0.6890916777216439, -4.35780146404581, 0.10852779055788842, 1.6460468494271192, 0.657454487144622, 0.33465728712450116, 1.333720350061899, -0.09810001947509084, -1.9608597925505662, 0.3424572908538013, -2.3283011882906615, 0.09801543187678541, -0.659156778940036, 0.444921150120542, 0.03376916022017751, -0.8618490607085498, 0.9910881551216159, 0.8774472599817296, 1.1555004644828935, -0.16984114097482328, 2.421355488108234, 0.798337165749007, 0.30977956664779616, 0.6735932546548735, -0.7968307397701159, 0.9242715234919127, 0.2859275596539883, 1.8182458369869345, 0.7809959810281724, -6.442001236356619, 2.35254403517866, 0.30997199717662927, 0.6411186943483422, -10.651876011265394, -0.20117952456303256, 0.9070925639938858, 0.5730049131367809, 0.18977889343122423, 1.7794042343199121, 0.03586239845465844, 0.08674327262335257, 0.1382373227360426, 4.772702771326237, -2.6893670854930747, 0.7712874188662898, 0.7415401369476332, -0.3813548208490909, 0.18111204951673976, 0.5749440444860837, -0.06230741626225211, 2.758692292597738, -0.7964536782928864, -1.765829740565704, 0.294259009101167, 0.17014804820523977, 0.6534334192478002, 1.477215933619984, 0.12026078005461338, -0.7026102273623254, 1.2460532177994126, 2.9417450052239533, -5.705392166032533, 1.1233038240976176, 0.1099102735662908, 1.8689970197155343, 2.851023909071489, 0.1894564531149766, -1.5579970487180028, -4.449708699450687, 1.7098290445943927, -4.024013290901579, 0.8370744458190945, 1.6951459901785193, 1.1560721665583684, 0.7507637131653271, -3.141393718752641, 1.5468863470691274, 0.21069556638197895, 0.8683197817443511, 0.7276794367631472, 0.5048781620223339, 0.5367186274062181, 11.84265326179572, 0.4103944294476416, 3.1981150179326296, 3.5830401623563155, 0.1646437923647911, 3.2321306121890396, 2.4615519422404963, 0.9428969388801951, -11.465969047556605, -2.003223748076267, -3.122846812636009, -0.18529242046948546, 0.9316809956209662, 1.1759066022311644, 0.6733105674932459, 1.4658482753470778, 1.5794798320145653, 0.00994322123774416, 0.7369131986375159, 3.0192428888871827, 2.9243433054046477, 4.382933291817456, -1.888556229562194, 0.005527228776131099, 0.4923677275853299, -0.8177489121544844, -2.66716011086945, -0.5416706950851983, -3.0038571778242913, 0.7333902254561915, -2.724734222252112, 4.261965230068295, 0.5134229336484748, 2.0158518352104378, -1.2831580439779768, -1.0372408427294166, 0.9111835893074298, 0.3958306217182712, 0.7602668271867172, -0.19256730963376545, 1.2146630385379553, -1.1488534501507248, -0.10038718685259596, 6.387114334769792, -2.347281286616016, 0.015088030210694936, -7.546652278435796, 0.4321028974116281, 1.5546015921810077, 3.8383018099174357, -6.821743157797918, 2.005852720223242, -1.3583988274933847, 18.237487292189837, 0.35657304264406, 0.9118159831770632, 6.70547245800911, 2.1939452253929743, -1.808735836446179, -0.3012166149847968, 3.019243084893055, 2.727998685971515, 