{"model": {"n_readouts": 200, "output_layers": [], "activation": "relu", "echo_state_seed": 56422, "n_components": 1000}, "weights": [8.865751086437506, -8.796453769392164, -0.649367027095745, 7.064511221456729, -8.551012254646253, -10.28407042409467, 1.384043293204654, -9.04451148152408, -5.225016069697043, -2.2956451578039734, 6.666170400642195, 6.629178714570488, 23.19198512548564, 6.440926343879209, -11.865677619400637, 14.826363336660066, 4.294198005639826, 3.0320809584130606, 4.531426733132892, -26.601664906483688, 18.504705764452403, 4.623388008828405, -18.545226239414095, 4.779186420141581, -13.242513158016614, -2.3135771171553547, 15.627898622230015, -11.721501228566805, -18.50118802295027, -3.4492888184517576, 15.204789867819269, -10.647007414607202, -16.29085535773712, -11.598250832426105, 5.3014310781592435, 22.645776918675043, -20.032574798088927, -19.99119128230391, -16.120544210399487, -1.042727391127158, -10.445282310812013, -13.580927162388686, -5.509563468859653, 14.437654849801875, -6.264690529943832, 4.06074965298201, -7.020805168291144, -16.624458763093504, -3.2714369263347556, -13.266122800971212, 9.327977194895231, 21.931011291296656, 8.26731629694961, 17.835531256017372, 5.5952981921604374, -3.138472288087029, 11.998095086254152, -7.78228527999701, -4.1733376714171495, 8.054611192471144, 7.784952700451602, -4.531475229665023, 6.610979412972798, 3.109277914637615, -4.447237021634176, 23.916796074147747, -6.891063593726646, -24.647747743385477, -4.980125168793464, 18.005183758774, -10.198179095325704, -3.9249676218106777, 10.298479059623329, -15.43867705835672, 18.041867340009215, -11.212215384983438, -10.067930250482847, 4.029782944174235, -9.384942556295545, -3.6753971272960095, -6.184366951200243, -28.242425944468373, -15.33743948688558, -2.4191656593004316, -7.068465098750061, -10.754334930214963, -2.1066773154028566, -0.4006243253797748, 23.405837999896043, 17.627862736176272, 3.3030064585446266, 20.84562582482477, -11.857730949913366, -20.31128114936952, -5.860892040711731, -6.096037330995618, 7.249705320657005, -10.482866353325234, -35.362787465415884, 8.750274471703545, -16.73638016003978, -9.174673581877297, 3.1392657297826947, -3.9187534140975924, -11.473075321491127, -9.7400785807407, 8.724621192326369, 15.204301784277169, -1.487734105433117, -5.79159718945424, -2.812438194630617, 11.601039629674666, -9.500486706509859, -10.873134049545316, 15.448043139027037, -8.915115192125617, 3.787709461080323, 8.06953199300224, -6.864957180490398, -6.9537721592742185, -11.003298382628943, 4.661670941173631, 14.792117962525804, -3.758958893259938, 4.207872899876717, -15.315937826544198, 23.62981874931775, -13.800545538216276, 2.356093151401759, -3.1162625002079034, -5.9787757970689555, 16.12532548443821, -5.49369656360319, -32.646322718272636, 18.848416053192146, 6.632391762848549, -4.873005873735874, 17.098118672584135, 5.874713127096101, 28.60881894361199, -5.434532886745014, 17.407740861218258, -13.360384299719058, -17.303353509549467, -10.55398266284251, 15.617527373833713, -5.628258833145551, -5.660766842793009, -13.627459945633182, 4.147336056432499, 18.553198847847312, -0.6894055441625289, -10.995976601469023, 21.385877510064535, 3.6470458451046404, -11.7026343021592, -6.423467253149663, 18.61452229075979, 13.060390197685496, 12.08381468259051, 24.905781995203238, -4.928774254036555, 9.930504931886784, 4.991192084467596, 14.309655980651542, -8.389453043072406, -8.897685620944285, 8.912478856663826, -16.729785431022634, 2.421849220100341, -9.363857300067211, 2.9380384317634527, -2.603833165156917, -2.47048049192317, 25.384531312929365, -17.338001913946222, 1.8016112421469332, -0.8092900661061302, 14.602658063338355, -26.89640549997966, 6.295729235388432, -7.104333203185359, -2.8028304367524197, 33.691308913650104, 6.875829065814356, -32.493855070872684, 3.011081475783382, -5.344727645248714, 17.73562365295931, -4.084836628047793, 15.577812441625627, -4.742574781668947, -1.72315702646977, -3.8124496367329264, 7.872341997827599, -2.191409742983559, 13.868669883895482, 3.9670912173222925, -1.6987408298986655, -0.48879699597254367, 8.626967932901062, 1.5284629629433346, -3.653663698158788, 21.391364913712845, 12.249910933041424, -29.646567831483054, -1.7429955181786536, -13.694464663401806, -4.2519559248175005, 15.840710514986997, 4.967061179392848, 27.23732381158496, -5.718320727850836, -12.26647634649823, 13.934191652825433, -18.9868098675725, -2.3498887685146546, -22.05886079908061, -0.4393549986716786, -2.135938416757263, 26.75845274868977, -0.6676112920141197, -19.912876472278313, 9.62371141655539, -10.31884415570429, 1.5269718812655162, 15.369478982376409, -11.057814860399507, 7.967349022953302, -12.505502597779396, -13.872926137700132, -9.502236358971013, -0.11578169165567731, -17.054240599453056, 15.7105452673046, -2.635100265129973, 22.9850493535367, -16.415054781600162, 13.259501786916822, -24.533751138242263, 24.130508198916797, -8.681322291867136, -10.14294507893602, -13.657013167109085, -1.1987897286781692, -9.076912303128339, 6.881991828881113, 9.116668968366497, -14.907533268594651, 4.424889902494181, -5.9582175946080485, 2.177226016625869, -22.738303881395108, -35.4439630584665, 25.59847637160515, -16.348407258923825, 13.337519749941125, 21.209700075271115, 6.895643424817974, 4.521029192936685, 1.0100815500276563, 3.3576078717527125, -10.981876240682551, -6.378873009513466, -8.492119138231056, -14.684229388728067, 7.580128295068394, -5.855968052946138, 14.280640781307959, -0.7459315815229949, -10.83212586519342, -18.6927042383008, 20.989750113967077, -10.764397463645615, 1.535031023989246, 2.171925110283137, -1.7236348083558344, 4.361154641909434, -8.552276943401408, -3.8573990149100466, 27.742493608520697, -1.394997617022275, -5.532879629498811, -4.9610505552938715, 3.7467037886493992, -5.197571912010142, 22.483983481651347, -13.75079666255605, 7.508070020308509, -9.51551547248108, -14.083533898922152, 33.101576349732476, -6.078500154584897, 0.013973886726618812, 1.462912261167407, 4.093106549562136, 16.333248873085257, 6.053439196485047, 1.0504589588993207, -4.2182715119764875, -3.643647873023844, 10.768686911152273, 3.9050787513934013, -5.7391742864911155, -13.843708536137038, 2.3382419882652736, -13.562801765497984, -18.986558588413967, -7.128530563986918, -29.52134278814252, -7.803667496365907, -3.7405105722029983, 2.8543709637815, 12.430069632741793, -15.957066527448577, -15.845664955750346, 10.170812884917016, 8.22989441402868, 5.288125704437437, 1.000821743243891, -6.699497270580185, -1.0643299297935669, 27.544414713568248, -4.140491272625288, 10.14033998300014, -32.25303452821564, -1.5320386680781506, 3.0802163091046593, 8.562043488024216, -0.4712600731996318, 17.257156297295463, -10.574009717895128, -18.030623353911302, 12.15655853269064, -0.19330325118575103, 9.465117151452004, 9.285850821534856, 1.0637183499893725, -20.377472708855343, -9.940633756062944, 7.287398307459013, 8.689506222166429, -1.3319477535188713, -3.865358968326433, 8.992744954733935, 1.3679063730615346, 12.08522115667793, -4.537603993358825, -10.25573924737435, -8.55109365654012, 10.283548153435687, 20.376711840234695, 16.685335481776786, 14.84848510226173, -0.7388121519304865, 4.570886354464347, -8.454919439035544, -9.172369987367727, 3.9034896891577007, 14.843134556761337, -6.288828412359535, -6.117982167290451, 9.579841922387013, -18.761651264415868, 8.28177722615678, -1.7318926233051462, 0.0209996821759324, -1.8369476363063246, 4.872829245943998, -6.254612962152307, -11.389585727447592, 0.794613750809073, 2.6363357751879652, 8.266269030888804, 3.90049066124511, 42.64069180877594, -8.328574989980751, 3.6453907140883564, -15.127879013318163, -11.847506918539406, 5.169938032959469, -9.251199566149266, 10.592285779388458, 21.765595771976336, -1.5510556436502512, -21.085601204188475, 13.532495147006427, 13.73308853519987, -1.0305080506192401, -13.322196444769117, 1.5335989914305799, 5.880627642673776, 5.764139747118971, 