{"model": {"n_readouts": 200, "output_layers": [], "activation": "relu", "echo_state_seed": 56422, "n_components": 1000}, "weights": [9.676335537855104, -7.273157589245464, 0.47308307182922194, 7.91658123485088, -7.915989211119764, -9.583454892272554, 1.8960022805248467, -9.11807181475964, -5.208147377355861, -3.5223298731179553, 5.467630322677845, 6.186091110450407, 24.73768744060293, 5.785353147980038, -11.335160733029436, 14.327521415241229, 2.866838416283909, 5.460786460282009, 4.518593310004989, -26.93072050727435, 17.05354714188445, 5.2632664985273205, -18.834172467731193, 5.655221907122037, -12.499115318716596, -2.794502928959329, 16.38123043885071, -11.832093714683081, -18.819882336513146, -2.259514548007101, 13.895017125279002, -9.301386567679959, -17.771326042294124, -10.633605359749613, 5.453375953858022, 20.993162410406164, -19.22530928234073, -17.861780805510563, -17.57849153270222, -1.9607833951622473, -10.218650621422485, -13.149611910930178, -6.220841036909622, 14.326597812652048, -8.688513278846383, 4.055696204408415, -7.430968732052896, -17.882187853038957, -2.943650420416846, -15.290207178466355, 10.728020962730808, 22.622920995550412, 6.630237650001403, 18.412437665518155, 6.613033929037977, -2.9560250575687137, 11.103065151025572, -7.672904898864726, -3.5821591459867643, 7.437946440187409, 8.423664815371117, -5.615793737140916, 8.039919382948096, 2.8829057322006673, -4.367342131614625, 22.84411686672446, -7.042356632727408, -25.17417997727808, -3.226583209552351, 16.72195369323148, -10.71868168039756, -3.271673910482179, 9.68695042483183, -15.109428359691838, 18.03769297887103, -10.849552500784338, -11.208207788620852, 4.259215930609864, -10.101019124782288, -4.584601987015068, -7.339839482785321, -29.785814841959397, -16.03780709791939, -1.1583245355545184, -7.025670292774463, -9.296003793620354, -2.2174573774107977, 0.534831734712457, 22.24385716084978, 17.74121050811951, 4.258668155583299, 19.936955925544602, -10.951073488323324, -20.553143484665057, -6.555573126292032, -3.835412911787545, 8.492857027312935, -10.658612034201408, -35.964052354025426, 7.223862197900689, -16.75838329013795, -9.758584279907067, 2.7044285550092155, -4.013386592614438, -9.790617899795647, -8.54020307205414, 9.474049794120432, 16.00778514899543, -2.1445704188901584, -5.871079013567777, -1.352041337365876, 11.324278890664026, -9.802021868326188, -9.713999740859055, 17.1207312567331, -9.298183644151143, 4.510247606414683, 6.852848135515808, -7.801662545466642, -7.538725165205281, -12.448037911264938, 3.4047213206425284, 13.695303337300736, -2.946468780822381, 2.5899442519160436, -16.9146283734199, 24.453430589286604, -13.710489762200183, 3.9145090126366098, -2.84454808570098, -4.1153760679668485, 15.686727574383315, -3.1418197564907895, -32.19655517253109, 18.968212782987862, 6.626276788085733, -5.946114481322143, 16.91627437857117, 5.874229581611998, 29.150864791835037, -5.803171651494668, 18.799449642415844, -13.008692701333706, -18.221891847528056, -11.105203578714644, 16.155064195849114, -4.492638350459906, -6.952419237803259, -14.208578754476253, 4.358187461707533, 15.737328151355145, -1.7540921791721182, -12.07082213766385, 22.83368453969417, 3.06198867345769, -13.249245490040193, -6.975094334280256, 17.904168399481566, 12.416403157026648, 11.862632142908081, 23.67627437937687, -5.925178936225725, 8.532376988716587, 6.385429869824726, 16.533812592779444, -7.716392055363942, -6.9920049414360745, 8.900268075233443, -18.249202196509046, 2.760723498978258, -7.530637194449108, 5.036694388520202, -2.8812063922971087, -2.9042125874946034, 24.97489731767406, -19.56046319112939, 2.2510692688075684, -0.6673203817241882, 14.687905724191845, -26.796684735761943, 6.7107580387595105, -8.334022014058638, -2.8655586919565494, 33.43859158089742, 8.649668821458446, -31.914754978630754, 3.4399201367647985, -2.563608013932894, 19.414784573460665, -4.680941956399418, 16.782906822828583, -7.012881227472618, -1.204528309151495, -4.534740034278892, 8.94441896013757, -3.043194116758226, 14.42937477542186, 3.9525246515151355, -2.719956982683911, 0.010328538377367247, 8.130195564613725, 0.7311124742030526, -3.4453790316322133, 20.43598510009446, 12.2818018368337, -29.59372768299211, -3.707346081396805, -13.164716772865672, -5.449012471478948, 15.390566211236608, 5.792382772315689, 27.306124021182285, -5.724070809668336, -12.265664956938451, 15.081208199776768, -18.18238716697049, -4.115451825439012, -22.86340336029707, -1.1903808576505426, -3.151711328555918, 26.540325704236782, -1.5646013794764795, -20.732908594911894, 9.061371590303434, -11.961382318520936, 0.49546648326973586, 17.0635102027787, -11.17743627688782, 6.697461040077281, -11.18186547206894, -13.913981170488954, -8.118458907155038, -0.7780043573027488, -16.419541321069914, 15.230679728495378, -3.7091324115159416, 24.308975024424104, -15.603001481328615, 13.1173230694386, -23.409261398324542, 22.926043896565822, -7.748504976388761, -9.818696404238688, -12.73030559333768, -0.4043657598010004, -9.880869470065505, 6.911401642251418, 9.066785195522773, -16.026271021490768, 5.612155744788623, -5.968170518612021, 2.072831344245011, -21.4038072622382, -33.177016869143685, 24.05725866212422, -13.671671764506467, 10.821869143097741, 20.155199440756824, 6.259346037759712, 4.68081767204314, 2.7794047553147974, 2.3662529850674057, -11.338049011670357, -5.703539827633129, -9.274330578400585, -15.627449197055336, 7.088274572126652, -6.011384874745505, 13.936044787166493, -1.6356901606169105, -11.37958661512017, -19.889849015644625, 22.840872548811184, -10.50449078967836, 2.037524451674278, 2.1963896301683263, -1.4820470385310847, 5.124966668048495, -7.916604314501985, -3.074693452655007, 29.524689401329162, -0.6503808921281762, -6.357788062177604, -5.305374253589393, 3.176231721542417, -4.677314204559261, 22.61673261736305, -14.017378612944054, 7.824917180742442, -10.187572082308217, -15.009260855260221, 32.15008954867813, -4.5762505333465135, -2.2730676622410098, 2.215489923741279, 3.480677863126991, 15.708917084910844, 7.027212585444746, 0.7336160838774153, -4.687471757089058, -4.116992286210852, 9.981357111479241, 2.67943097512511, -5.247443192347248, -13.390108695246274, 0.8803173147586254, -12.886233152316558, -18.459953051767407, -6.861485418281544, -28.387534733388776, -10.183304689315985, -6.416566552356032, 2.146783402049061, 12.198480739485165, -15.797922264059764, -14.495193074165174, 9.32405334651286, 8.025370424512873, 5.402452607030298, 1.6425363450673027, -6.276829457940491, -1.9384683349615903, 25.632020201177323, -3.163092609935754, 9.417889255455021, -32.03161205110548, -1.6342364610953144, 2.9724535859776573, 8.516746219432843, 0.1690174489651426, 16.331801320145615, -8.144469265693346, -17.32723219465958, 11.534989927233452, -0.7598189015226986, 7.697148279431387, 8.939611137481801, 0.21585438851912586, -20.07048483171848, -8.036374953603708, 7.599071054636896, 8.09645446981789, -2.2838377746776235, -5.461448726353357, 9.080293469197949, 1.0433349721041703, 10.337087063851513, -3.089849423451378, -9.814158944641555, -8.118826555111564, 10.279100479345997, 19.85010022466236, 15.532196746220606, 14.734122754994395, -0.6479702510948606, 5.229981804637101, -5.923698299901352, -8.173062582191776, 4.011233384983826, 15.653568286686733, -5.932862132435543, -7.054966416516812, 9.08675838577114, -18.98907768430626, 7.087286271327379, 0.9999106644963578, -0.5526236031000719, -3.8665705701170063, 3.5287542566009806, -4.998177254919277, -11.098933731638985, 2.1749356280034053, 3.0379777439618434, 8.382080013349459, 4.5263310607071485, 42.95158441358289, -8.774532046561871, 5.327831035318219, -14.334452082455071, -13.367154574888703, 4.286181184448531, -10.460526071169408, 11.073092790726102, 20.165270015223967, -3.029203844414744, -23.060971128386882, 12.22036762972912, 12.621948807536732, -1.5902527322425921, -11.910504280572479, 1.165813641648926, 5.299605484780756, 6.2968875130395014, 15.129480303159905, 