{"model": {"n_readouts": 200, "output_layers": [], "activation": "relu", "echo_state_seed": 56422, "n_components": 1000}, "weights": [8.693983903778827, -7.750490859406533, 1.1554638020530181, 8.602237642705347, -7.748864926188185, -10.73910380881888, 2.67738135108187, -8.102531388455716, -3.722704098338899, -3.7202144740746736, 6.35871915585566, 6.015391019101299, 24.68136651508411, 5.567252728372467, -10.529836628868198, 14.938672522628067, 3.754263544624144, 3.1227441743383784, 5.1826330728649, -24.689751509643322, 16.47987542202668, 4.086304108711676, -20.578540551633363, 4.945528008275345, -12.28825467801061, -2.009748251810001, 16.14385942292973, -11.522558366116261, -19.48402709678277, -1.5546977858701947, 14.503065306809512, -9.498611857172511, -17.115743590433464, -11.211779033969698, 5.014186994307794, 21.03704398250155, -21.064344740765325, -18.319715200537242, -15.705029238586075, -2.2231943932046865, -10.98733794846425, -13.557608901158556, -4.992758614811294, 15.109201267947393, -6.597205964187187, 3.433463138142847, -7.767715708302649, -17.52705777623711, -3.85978603557075, -13.428617908204128, 11.66393734729775, 22.636261839646405, 7.873741053829207, 16.002879774898446, 6.458771647335743, -3.810280539972494, 11.496027218725944, -9.19474381209065, -4.376348109511533, 6.946281865139474, 9.28566111857235, -4.349173193665212, 7.978476047023205, 0.9738501525587258, -3.431326095939561, 22.16388250164963, -7.943949363627183, -24.731612750350948, -3.1533692551037937, 17.368905197284178, -10.37383974838823, -2.6816183863290615, 8.19002925202999, -16.220111524135742, 19.64300598540013, -10.091902992677518, -11.135581250054473, 4.920213040603896, -9.713303251520253, -5.019028094803164, -7.6935775091192795, -29.562691472628206, -16.847486492084432, -1.2073128408532514, -6.173836825795865, -9.40179757943568, -3.612616307626703, -0.8722520143786886, 22.914304704614388, 17.688493441666377, 2.473034524092393, 20.403963863708338, -11.641072556383058, -21.204487717885826, -6.572164987312154, -4.981928940373484, 6.730144799828082, -9.939366229304712, -36.226752495269054, 7.875896285399663, -16.051197477643132, -10.439248357292925, 3.181734367337163, -4.419864680739053, -9.21129353765848, -9.707076218608293, 10.38637720778506, 15.79927602324514, -1.183201312176939, -4.980622655544376, -0.7860323123054285, 10.406395640457806, -9.097020766859965, -10.26411518922935, 17.50188830299413, -9.080670048329504, 2.728906798719741, 8.325384309269397, -7.008468039504041, -6.2774433519734, -13.640225656812133, 4.74476999601279, 13.499193580297607, -3.37438431741548, 3.471417201557683, -16.710581096705017, 24.140032001087427, -16.03880977314002, 3.249104963043573, -4.721677264530954, -5.083268831069661, 16.320187413937987, -6.189749735197606, -33.60341926937073, 19.001873188960793, 6.974237416919514, -5.734543142658632, 15.60751431803944, 5.265728586535058, 28.264450878758073, -6.55870964300858, 17.47611551727933, -12.312776601135008, -16.43478443180951, -10.327966393737212, 15.444997158828544, -3.616576739725218, -5.432000219847296, -13.99947295493599, 4.5151208351459315, 17.43212475692405, -0.9794883903420912, -11.56526830217049, 21.370653825808184, 4.90553796921048, -14.24991616963299, -6.90073688054938, 18.14099981258535, 12.010953195465646, 12.362569523845144, 23.857452812443068, -3.9693233759991293, 7.616808135544188, 3.3431879378605345, 14.788530809453901, -7.271728530270303, -6.6440487026702355, 10.546925591416967, -16.57049115092557, 2.054449186151064, -9.114872910774489, 4.369472093578759, -3.840461924266625, -3.258096596185837, 24.905838172919335, -19.103469785634783, 1.429037603250552, -0.08082130308296748, 13.575919324162289, -28.031953981023722, 6.843374011463135, -7.262707894643041, -3.578613578962485, 32.283491103739266, 8.27526705303624, -32.28155970616037, 2.441337885830719, -5.198485742460937, 19.04858729531789, -4.725660498680813, 16.30443005360731, -7.261694648377164, -1.0998510494557174, -4.462547181658562, 7.9352514404719106, -3.7161596699178086, 14.080507305792533, 1.5589666402384603, -2.490374060576036, -0.8749244857311429, 9.504376887085165, 2.4051171144025596, -4.277882363820858, 21.49895949824004, 11.29223632511576, -30.165127265979965, -2.7025982041741594, -15.015774431751222, -4.110820498549137, 15.42848936316065, 5.620556884622122, 27.649955713540475, -4.619406668227758, -13.191517334744953, 15.867685731474344, -19.144480057476038, -3.152766013735151, -21.05523152701461, -0.41498978377136964, -3.3265488138221886, 27.403139857630226, -0.6131291440286107, -20.94768093739791, 11.140442520896775, -11.155987065453928, 1.7733212809906846, 17.418920673540274, -10.943903504470608, 8.406338622213658, -12.740120132703527, -13.414906193165972, -9.25539045682194, -1.8151768956068604, -16.390204635469853, 15.809925225045333, -3.191991664372263, 23.734781613142065, -15.932360800792106, 14.515038133262237, -25.10386241965971, 24.349304385320277, -8.5979006815074, -10.312426763467322, -13.265272803606454, -0.2841036512306245, -9.571297981784896, 6.499451327215982, 7.85324133475266, -15.76663163099124, 4.853560629770464, -5.930477912678807, 0.760255211128699, -22.178557875707437, -33.44120261568319, 26.517456656816247, -15.86372243091779, 10.954349076466116, 21.804071529407434, 5.798702501036769, 5.545517361082024, 1.1469653167985825, 1.5503168813236692, -10.883038138497744, -4.7929995935383225, -7.855373516322322, -12.919606926357151, 7.283557728169548, -6.099590833568734, 13.329827265078682, -2.391429131000139, -10.608159082464825, -17.95769023099983, 23.64782177418816, -11.11244816021597, 3.028355914883892, 3.1471541069969753, -2.081316292400956, 3.5601827428253414, -7.350422431628174, -2.59105907539053, 28.167393852469676, -1.1312624934791875, -5.843329924922631, -4.327580182076542, 3.066108452127184, -5.236882993116682, 22.808540324399438, -12.752161443407868, 7.348078651713398, -10.00906584129046, -16.627785560040213, 32.82432476835518, -4.389562728374414, -0.5544863407142133, 2.487827463908269, 2.764373458729571, 16.816902800510483, 5.534767269636189, 1.3416668818082047, -3.956446392949788, -2.2089141613379275, 11.757108583372489, 4.381221868071542, -6.716153771606473, -14.10929478569335, 2.5924423368567995, -12.99242964433899, -19.91308839560115, -6.812952246123176, -28.220541052110214, -9.763692885952372, -4.32139322919217, 2.371847050984105, 10.71020056620451, -16.43035057825817, -14.680904664365483, 10.403719815743568, 9.26682605002544, 2.2728848684968543, 0.6182718320113371, -5.806235981056285, -1.708268641197837, 25.490238757634458, -2.9180984435785553, 9.895772754456356, -30.93034631545614, -1.9374366557920908, 3.6203178486577685, 7.374479383066675, 1.9714193716541315, 17.920865092043357, -10.020312536070941, -18.163406043680833, 12.655531579916094, -0.014917973928388006, 8.546626875489682, 9.537035346815145, 0.48131369389481726, -21.811336248137742, -11.066356967092139, 6.098594693493336, 9.319304575041684, -4.010221627439263, -4.927999134932197, 9.779972358151724, 1.5150528566519041, 11.302534192102131, -3.9143594209401247, -10.309948816405191, -6.708284057266512, 9.377914214605068, 19.58057150969187, 15.771052664562609, 15.592600572160732, -2.6973544117882655, 4.9912737771291305, -7.690746878774458, -8.344944603898949, 3.895509683115676, 15.012310836117315, -6.077839961228787, -6.749308719715711, 8.323844207673563, -19.746527572735136, 8.98228552613771, -1.7836744666495554, 0.09062966904341696, -2.1640888929038415, 3.9565600102874963, -4.52981405668416, -10.990673093843581, 2.3038794488414793, 3.4841417567291124, 6.911288421173501, 4.116175317095358, 44.16789215005532, -9.858386711984105, 4.341014749640928, -15.31911273913417, -11.238813763922742, 5.373712812322219, -10.463215524015476, 10.115028520977713, 21.3332456937402, -3.0640501668669913, -22.908049308080507, 12.943856024923198, 13.935739485742983, -2.0311038580377634, -12.466239688456435, -0.16546241253493355, 4.64365304235917, 3.8089401305272146, 16.870006210068915, 