{"model": {"n_readouts": 200, "output_layers": [], "activation": "relu", "echo_state_seed": 56422, "n_components": 1000}, "weights": [5.912495931150631, -7.180352059171844, -1.233779189865642, 5.977201356206942, -10.41903409110629, -6.824498735646911, 0.33277084813181884, -9.328481824974542, -3.6727917159402113, -5.646996734008778, 9.302470794013155, 5.119677909282919, 22.18964785217037, 11.233518930905785, -9.901629416212089, 9.861098164991388, 2.6346792021043317, 4.854960082418607, 0.2019348249073144, -20.550795358480862, 21.260677798241034, 2.532925757710568, -18.23284071608791, 7.823274270651269, -13.002631002264337, -3.041312669473851, 15.115805904245146, -11.11448437586642, -16.599846997392696, 1.1290359326242267, 4.2058232016560355, -2.9204300690798073, -13.581555456100533, -9.764712145523376, 4.977116519446819, 14.15880617282066, -12.329177805262631, -22.430950316474807, -13.396858556460362, 3.537274264792462, -11.314136627310717, -21.120709863485914, -2.0823251186027676, 15.433466675600942, -2.361131396315061, 3.028100907562923, -8.387748340051417, -17.925349405466978, -3.9389273247256327, -17.3710166979016, 17.50521396982428, 25.811029131323426, 4.172816326813687, 15.606206392908005, 2.6387733154877813, 7.703149072124619, 12.12508659228564, -6.00617905831874, -1.3062285395073223, 6.115861990895426, 9.306092846470078, -5.329004119687218, 10.843922753644529, 0.14178810138745934, -4.875178285624864, 29.24880705278373, -1.52490505692729, -31.095721341271094, 1.3160401748217871, 15.866357769045328, -14.863542877810321, -5.121380451258263, 5.685561911042578, -19.346266920989283, 21.61116451895861, -6.492731874058689, -11.880472414619353, 7.663768613317563, -6.222331626528286, -0.10426957788352365, -1.1526172604824572, -27.25947426273273, -19.370350979252436, -0.33758680131439234, -10.963368779858271, -3.158379314051529, 0.4538945208127104, 2.4221883004955087, 26.12708427814718, 13.119802245306126, 4.473389184106079, 17.646727984030065, -6.066767421977653, -18.769790362157465, -5.497734241035332, -7.415509801787035, 6.267950317866262, -7.504393985568627, -38.56057837624894, 5.2655436294981355, -13.308117794254803, -9.932894910519313, 1.1806009992013928, -4.366382963253219, -4.517077897027264, -10.466442824423197, 6.861206892820176, 9.936380932268955, -4.111823962309753, -5.914937678084467, 1.1233194611015938, 13.291310223805743, -5.963809277964047, -8.399959310338645, 13.267846797850282, -8.4440684490366, 5.698602613285545, 4.618490785396109, -10.442794052285171, -11.382567166048544, -7.798781368790351, 7.783506278054617, 10.57433979074147, -3.1732853770766845, 3.9413621514233705, -16.969965770559934, 20.009160013094498, -16.5950297708492, -2.9436500140972743, -8.286872902771947, -3.815402972410644, 13.903252552088158, -6.853233991535818, -32.62370117002264, 19.606436715242605, 0.16023259442227533, 0.8018358663481582, 14.014271081747616, 2.574358133601926, 25.92236645123846, -8.400801101989092, 18.680416313104903, -11.99374071078392, -14.393051968767157, -10.622723667023964, 12.47275953423564, -6.282316264288428, -4.9506243774508985, -15.885601150966373, 9.190742987637947, 17.170527815411475, -0.13185831923159058, -11.473985236497045, 13.467778544704599, 2.582866977846017, -12.157351136018793, -3.7965240477677784, 14.05525675877074, 8.622077981566433, 13.193295350645991, 25.24083610830958, -6.268576024677304, 10.275666522258927, -1.5495286065809792, 18.63165091761536, -13.32876795754539, -9.421807868319759, 8.526082044564934, -17.732318574258763, 4.891810853625446, -13.296072799264163, 3.8917072286833516, -2.114417063968985, -0.05315950224178667, 24.123528530193955, -25.031647924167583, -2.5008094597704917, -2.553103891119089, 12.288458534007814, -28.758456206563785, 8.25999434997705, -6.3343173379917745, -5.249202354597964, 34.00399216028103, 8.921244837491576, -28.706891316302155, 10.334353040731646, -8.473416863494633, 15.550256457424602, 0.9929106360563578, 18.569598238578727, -4.494786500431834, 1.9871232858116818, -3.806349200470279, 4.687951365796136, -3.5839545838129307, 17.2427182284834, -2.6730649970141176, -0.44077094656913146, 0.7930741462061626, 7.866443664823664, 5.742684703538433, -6.089707187494798, 19.086207920547757, 10.129545010788375, -22.757687098387652, -6.230073332295805, -13.27428690814701, -3.254528127562259, 15.424858057417223, 4.189058583650787, 24.55627074140328, -4.631344505449752, -10.17984207966011, 19.168228232133725, -15.699258163512754, -10.284403388985439, -12.54008321815959, 1.7584682645165859, 1.2998781426089119, 24.480930167256894, 2.032810197728395, -19.77246722096767, 7.1117119043646095, -17.138310162023025, -5.196686825679091, 16.70907199610344, -11.235651717920543, 6.029734162586124, -10.621339053946175, -13.157120046012174, -7.887016420263352, 0.5439763478489041, -13.562201439035917, 15.647976003363759, -6.501098501778853, 24.639123762653867, -13.820411178498661, 15.299786771476914, -19.12947445425243, 23.33088770814931, -13.393420446751193, -4.4518072299835225, -15.909975335337752, -6.872069698794693, -13.96191132155289, 5.909220623199982, 9.852760902569631, -18.679446365740716, 3.039745875514141, -2.3659238784194683, 0.8414621180112933, -23.225428703690987, -28.00425463496722, 20.666171867233228, -15.17955269024235, 10.661676692660537, 16.512020777393868, 6.041726930714087, 8.68221756851785, 3.613322942000172, 6.71777403858385, -10.877335735797951, -0.905175827468881, -7.931576979706106, -17.288958877922983, 5.2172225097703695, -3.1880905227376513, 7.97261631938076, 0.38357605160358293, -7.812556103340846, -14.961283641498643, 19.274398686365576, -5.853116223674269, -0.9551943619057828, 2.2773038749784575, -0.38494207716361356, 0.008376520017628494, -8.108768797306723, -2.5639733476673467, 27.88111746839817, -1.0312392173707574, -10.043167703757002, -9.027814495543977, -6.05148792198016, -7.869971992026887, 24.184947930901192, -15.08682885871016, 5.014325730953923, -8.807795498070291, -10.540458026856607, 29.834599158617866, -4.964750157264366, -1.6992517691587032, -7.822056984579165, 7.1430495523763105, 6.082457712493979, 3.4971282618018042, -0.07909300692429955, -13.908265662583519, -1.919903222076564, 13.367188888163156, 1.18803667293339, -10.550783582472503, -12.593623197143833, -1.5151388448743164, -14.27198132914665, -15.085323251052253, -9.616922482825052, -25.726994004929416, -10.687313690442688, -3.4456104412606723, 4.337767058588675, 15.004176008347025, -15.614114657036799, -8.54260749295055, 7.995060941965887, 11.042259493542561, 2.5733525020999304, -6.484049993763125, -8.199600845056546, -7.985278574677067, 27.83568363651847, -7.739101482401945, 8.651230439659777, -33.19651815644456, -5.240491250599639, 8.914394216496405, 7.878209412321257, 2.8894774931103004, 18.427391061292266, 0.19448762235896871, -16.7919113198248, 11.894115473154136, 5.425678385129339, 2.212297469092834, 13.85916489759526, 1.3751901067182977, -15.424472769553642, -8.32423604400286, 5.6027194321391525, 5.905518874450486, -1.3308415427683344, -11.094091411626872, 7.243728296508545, 7.416500005179393, 9.640314634960419, -10.35802696288736, -9.02645202085868, -12.087982418559509, 11.339608436574832, 19.39579137196462, 6.121054319221076, 16.178453774395102, 7.157367557739772, 6.801462398577435, -5.5558936019271785, -10.47524167859504, 6.542969493012421, 16.69343504190768, -9.983663328504965, -9.555572243360798, 10.315001046308154, -18.41882815232122, 0.7532982596272522, -4.211821862494944, 2.941599619775039, 3.9978002180654375, 11.070370223590343, -8.381436066184762, -12.175165009152444, -0.4056762154161275, 1.7159751324124006, 10.765456018369976, 4.1593451282596625, 37.697047922167776, -10.27703999371154, 3.874395823222282, -14.298616647508762, -11.328827889420019, 0.6695794037070414, -13.36573259677703, 16.468347389060558, 19.96508293650495, -1.36974315286172, -18.068343513496277, 11.810249486382714, 11.545653019514916, -1.2701530548653752, -10.884829698307612, -0.9910256564463107, 9.177624329854439, 11.964411432809166, 