{"model": {"n_readouts": 200, "output_layers": [], "activation": "relu", "echo_state_seed": 56422, "n_components": 1000}, "weights": [4.720515059926967, -8.898200956760492, 1.1398119121523964, 1.4605173343954327, -13.949286236852297, -10.606656956008226, -1.8718046744819612, -8.555264064113477, -5.152025221575231, -7.320657577270086, 13.501218518453134, 8.072425867902174, 25.472679772782275, 11.536648916130805, -16.585197692520204, 8.07892128084381, 0.8669466784317686, 5.629500957286982, 6.413421504360665, -18.557690687232427, 15.428570410845314, 4.578691903157429, -17.68315192751947, 4.274835884141035, -11.205422245606702, 2.561490422520495, 7.13098983213473, -11.892632194598919, -15.469334664910184, 1.5389258348234678, 5.1788049252112405, -4.6515589451318275, -7.082099739644815, -10.867878458462123, -3.383582397391929, 11.015529266758653, -15.519779134648939, -15.32173925627984, -16.06572772807753, 0.8553049474923051, -7.226867110590458, -15.400969442037509, -1.7296357023462217, 10.415758421565283, 3.403750292468209, 2.9874288572725733, -7.000500505212898, -19.682555265168677, -3.989941548190968, -13.487860872938775, 19.138283757268788, 24.07957011096677, 7.350789975182404, 11.104361531440766, 2.2815199255416103, 3.9573988087607814, 13.970778549851563, -3.8744488010146387, 1.0869250238401535, 1.8648555483815612, 12.65444163303525, -6.387119476284776, 5.756485927095489, 1.5541874344681674, -2.7070272417360925, 29.824753105540882, -0.9062793459122624, -28.40063316279423, 2.167307046094305, 11.925158191440682, -10.819228596028058, -3.9433359208148264, 3.2823093510599786, -16.13567884447384, 16.403804251508088, -4.837563712875327, -6.10839646120427, 5.372322576934736, -14.012890979355074, -1.0645863178541943, -5.099664116164204, -28.502240723286786, -20.01996041908745, -2.807109385041479, -10.16870460135644, -7.8500061562929, 0.9461077773099308, -1.404450207519803, 25.93586593965776, 13.416642379887392, 4.269366095693297, 15.969593193023844, -7.11542194719595, -16.953891719294738, -8.583093811309883, -7.484232009608588, 3.035479767263726, -8.516147294228999, -39.81199500919381, 8.069293703581673, -7.852772392109665, -8.008568973561548, -1.1917291299298947, -3.7218697986578704, -5.881302675881839, -6.437596480363734, 5.350419284695583, 7.313750792360532, -3.1900353784556135, -8.423000662256495, 1.6105159566162761, 10.286741438054868, -4.937000916117225, -10.815809291812611, 16.684394265386864, -8.535357739277327, 2.8307332617394807, 10.499059678587722, -10.082594690388659, -11.906142828163064, -6.706931510946952, 6.209934141699318, 9.250786054693995, 0.7885166429677894, -2.7292146465071054, -16.731610618658205, 18.922411190074897, -12.330471671818275, -2.9402491858004214, -7.306768256489819, -0.8704400847377621, 10.75560673092634, -2.615666636227495, -32.7975090889814, 18.53631047819789, -4.2541322925467755, 2.218769150380643, 12.112546984779346, 1.1135758772612139, 23.169895780657598, -7.86907963389833, 18.369661059798013, -9.597929647888389, -16.81769407665557, -13.63197309301494, 12.874725397418981, -1.956879087182014, -11.251315702167169, -12.529744102574925, 11.441746974519116, 11.705581636248276, 0.049204499429199466, -7.850447238244287, 13.456060184334627, -0.18807533123971165, -20.42609641933822, -3.455708323547193, 8.509232867838298, 12.307325347998313, 13.273515467281031, 25.50087555611833, -3.157273282753284, 7.973671776091462, 0.5774708062475584, 15.766803826252131, -11.451560217125074, -11.682884443702791, 13.992346056315547, -19.202224089183943, 1.6711611807060138, -15.206860386011858, 10.042836641950426, 1.4871146997892515, 0.7501417566327547, 20.501306239745826, -20.664275592698793, -2.927327101294935, -1.955309617541087, 15.093229141762624, -29.229015048250933, 3.810600023020708, -4.83846354126261, -0.5350938311569824, 33.09168465318201, 4.33824860928703, -27.17151031544819, 5.638744474899303, -3.180719409394835, 10.048030574479561, 3.105916998062206, 18.444352565443417, -6.417677842464997, 6.0537863141355786, -9.478768773843225, 7.675616710163131, -5.025906606564475, 16.185193161615345, -2.852381758672032, -1.1174488648445808, -3.7764292430786464, 9.927150660292645, -0.7599157785358561, -9.181761679828494, 19.10337143277102, 9.135136989384428, -23.671101437029165, -9.787119082233675, -15.367653702799304, -5.397835587380426, 7.409602187478587, 3.539071545844462, 24.83504308068098, -2.7460179390294983, -10.127287053853452, 11.636521688445034, -15.679306873212393, -14.930256631633927, -9.881016264028885, 2.8362222966852877, 3.8353900360833633, 20.820976636511514, -2.2600160152484543, -17.63873003372438, 5.344651968114869, -19.91219510187398, -0.6919465271502293, 14.538015786268032, -9.460329698703102, 3.1589872613607115, -9.378081439922616, -12.651167332911019, -9.303576213171569, -1.7309043887208748, -10.3642285874066, 17.275161530706892, -7.62147496923078, 23.639969146829532, -10.315320966120778, 14.655818788286641, -17.705811344813586, 21.397606216050566, -6.676553322812116, -1.2594205631430755, -19.412923656135614, -6.11947574954193, -15.011253268962454, 11.420858573689376, 6.101384654328775, -15.036698419722224, 2.156632111179953, 1.412874440808345, 1.8634430768061288, -23.5486566596793, -30.130500159135774, 22.331901954812228, -18.792869565125002, 7.3743578599004636, 12.23048423787842, -2.0880021800432225, 5.791921429069647, 5.59323294326557, 3.295392338459952, -7.7550420332206365, -1.2044986037453504, -5.549173852431574, -16.280093007201856, 4.404232964771317, -0.7835051792814882, 6.6894187720638225, -1.7990656215099663, -7.4156499649816965, -10.819487148466981, 14.706750398651476, -3.0515013165209983, -4.849181036127219, 3.9518059425528853, -3.232204005603453, 1.8380336436936466, -7.223871029798916, -6.325279657560414, 23.640845327320076, -4.2409932723992885, -14.037719267273813, -11.573285289177427, -7.61515608329908, -6.2047327748086545, 24.819292233816153, -10.905973852919212, 5.753129376490579, -15.009755593081422, -13.513465978640733, 32.08436670591495, -2.6108619153701684, -1.3898083248373148, -10.167963714615182, 9.015997945457427, 3.783520936058496, 6.994608428991509, -1.230295746088132, -14.543345780009858, -1.318735792235385, 17.405628556674237, 2.402578544886272, -13.241869031325889, -7.548973101211218, 5.353241514040615, -15.060318337594474, -15.14497696172844, -9.769017889406028, -23.331289586405703, -14.781955070266191, -4.929256783857409, 5.029747738935128, 10.287332355697755, -12.625199306045893, -4.701919298238851, 4.714654551288642, 9.10189984905975, 1.7055701153026577, -9.889112457535553, -6.322891401503736, -5.049211504079544, 25.46993278792506, -5.505978566481382, 9.91585874173262, -35.456036173908096, 0.49730945051151504, 12.533547717383673, 2.570482936494969, 3.176432642276912, 17.54482489147554, 0.0016043461383570268, -18.13827350358797, 9.871920749824612, 5.207748256370707, -1.0508435179193323, 13.02288861569945, -0.12034654695317637, -16.749624001198658, 0.10640812441735126, 9.561785054494349, 7.160175565271885, -0.11425280827589168, -10.956566492231453, 10.844751981801334, 11.529849379897131, 8.840294543870808, -7.640464180524056, -13.063831320832033, -11.756213470633499, 9.323189311713303, 17.613167351888528, 12.397938502957729, 14.353057676624351, 5.026388571763954, 4.624897210790093, -0.7332263008420457, -15.969040469877445, 5.5894497093445015, 14.401048714502357, -9.786574771800158, -13.146302909692208, 1.9023855664888538, -18.007190866329122, 6.2924200207588035, -5.992408505847187, 1.7876075996532887, 2.8122975618788155, 16.893054445173128, -5.563877667851583, -5.91193390781669, -0.07478362066806193, 5.046306659201534, 12.581686334070847, 0.7691778748735905, 34.06870085786616, -10.669284011030776, 4.614183504187718, -17.366421594487175, -16.227391275184132, -1.7957334507409615, -13.317179999517311, 15.861030870079066, 22.126101324802438, 0.7572925302641427, -19.57849945361761, 12.527195950096196, 10.236449861321075, -6.697904198337321, -6.43342353493813, 0.8670397093799462, 9.353764229643328, 