{"model": {"n_readouts": 200, "output_layers": [], "activation": "relu", "echo_state_seed": 56422, "n_components": 1000}, "weights": [5.940523779860621, -6.9099723697383775, -1.5306002514584933, 4.260017983071731, -11.786852062967613, -10.935602822704055, 0.060472424511513134, -7.675918734793637, -5.839892848358264, -8.389765359219782, 11.429050333366066, 8.962575881690249, 19.546499766585626, 12.007318299335756, -15.905013253530637, 8.284012015888958, 1.8030795749906021, 6.787044573587209, 5.830721983922768, -17.101352177298082, 14.625677945826418, 2.3001331231595614, -15.916185673419264, 5.187140679949049, -14.379128060572745, 1.8948265104567592, 8.474933127354907, -13.227998140940661, -14.796968858164071, 1.501359886286954, 5.7377973373634825, -3.475303868337673, -8.403030610152435, -9.764429036574116, -0.8359106915738631, 11.01113460057587, -15.306270417128934, -19.027411721360778, -15.023343826655834, 1.593280305850302, -7.624047403654503, -16.236778177495545, -4.781344016833286, 9.851236523096789, 0.5380853059580403, 2.0232981319595873, -7.948254425629882, -18.43586024480602, -4.676117736642916, -14.719056314462216, 19.16554309985697, 23.781823019538365, 5.867611391197521, 13.762104704315886, 1.361647391866333, 7.707740455305883, 16.877201222665494, -5.163232142880449, 2.185904198991357, 3.6633498944831486, 10.922188135278388, -4.896509439706616, 9.541940647715188, 1.9271075007033922, -0.7377836134150177, 27.894749524498604, -3.1163805824279365, -28.82308326533401, 1.6667589733052746, 10.403852835532803, -11.768598802450203, -2.685823287848125, 0.9281949444368403, -16.306688046583265, 20.056335938503842, -5.072826065608509, -7.014818464808131, 6.694176403816713, -12.50114142552545, -1.094315936024607, -3.0794931802885688, -29.170436921070543, -19.867637603938874, -2.240352319361937, -9.624536521370693, -8.45221989958216, 0.0905008191548704, -1.17635635251963, 27.973716829632018, 13.346360483084142, 2.7504585967579267, 18.0022605884648, -9.080164082864632, -19.45867165297043, -9.421252223368747, -5.314478993656774, 3.8231760790004143, -6.541250402341718, -39.220338780133034, 8.94406649487961, -11.189247857898076, -5.945124511556026, -1.5109071373574468, -4.257263830864773, -6.170327311406779, -10.99629660248951, 6.455338910877665, 6.751564915979899, -2.785901727939684, -5.344738887171642, 2.177537708436999, 10.83888290663867, -6.978837432112782, -11.97646159203286, 17.515767409801782, -9.019613518925796, 6.961641771960148, 9.046611232431905, -9.685236540494913, -11.577187345497702, -8.178536909937469, 5.651371589735099, 11.28444759220516, 1.257887575921088, -3.0961301847346623, -16.273887377957855, 17.959319394969576, -13.10315147103851, -3.1623992975527284, -6.409206987002015, -3.6608083431271385, 13.662342738851317, -2.1567839393016843, -31.52186485952343, 16.068125501525454, -1.9001047314232808, 2.6209209402500946, 10.760675459502878, 1.7719846030127955, 22.900821579264136, -6.567087397809918, 15.741133827054862, -9.3939528890495, -15.84016621251186, -11.277170146191125, 14.245400505897305, -4.157534702895065, -10.388106499649956, -13.127371333862971, 9.712261776048557, 14.050358314487493, 1.166846914871096, -10.677897679472716, 16.170253464655776, -1.7852339016549807, -19.077012118057606, -3.685577642551536, 9.205532137991177, 12.295015261107874, 12.05407666777766, 25.378168431020413, -5.447227906764986, 9.156094866472051, 1.8918858795363713, 15.39540552533662, -11.475547869253829, -13.358108293168586, 11.442726011037555, -19.9919726081093, 5.206830207864633, -15.266506260173013, 5.157630335975975, -1.290795141721831, 0.6264729266296429, 19.961187897397387, -20.047187335845937, -4.46440573837423, -2.9441880410772354, 15.066093601042722, -30.62298790877606, 4.403607381508295, -5.201415777308527, -4.152924556849105, 33.14450803717371, 5.08446819518273, -25.961500253936794, 6.5541135803554, -4.670189359001469, 13.064273760514043, 3.2987528478311083, 18.13497303744768, -8.064210131726918, 4.898288860900675, -8.287837939906415, 7.991959155437929, -6.166178319375678, 16.645839854122244, -1.8102866943327027, -2.6852008975175887, -3.284593256763918, 9.085976330668316, 0.3237806637986562, -8.630184226495494, 18.38746912552418, 10.032808739986173, -25.484518798611827, -8.409742706739722, -14.634684324002908, -3.502103233864211, 9.246442361405608, 7.401425973617588, 21.82320119374738, -1.7680059019108665, -10.530929350841852, 13.71862066110664, -14.491605169230867, -11.935777778998629, -12.145031848944932, 2.8119338910359497, 1.0603362876725948, 20.122798923103026, -1.445217730542707, -18.642077080664873, 6.403057873705341, -18.60992947118488, -1.2268925337149788, 14.180751539885794, -10.187765313068848, 4.171622605211502, -7.2008930393281005, -13.011705090404275, -10.499551254997693, -0.6043692379616634, -12.060269166130752, 17.70500881076308, -7.166001728163002, 23.086023983227026, -11.494950254953226, 13.589638200144366, -19.163122742439498, 22.114230942901674, -7.799705832382692, -3.9189233071170646, -18.918050185984228, -6.7237507401968974, -15.337109670303036, 7.75645185584431, 6.245184477898732, -16.059379688391022, 2.7723102115652845, 0.5747507698748162, 0.49641327104823585, -21.472455140751276, -27.180286346302328, 25.375943753496045, -17.43465293319172, 6.650647879427319, 13.23378071982311, -1.5266274992879465, 2.3650856029933247, 6.3633725781624415, 5.102379165608947, -7.4782603091472435, -2.0457608032077372, -8.110929105939997, -16.875380791346572, 4.551854634863341, -2.0869689544601204, 5.691640559547493, -4.0899679072003465, -6.395331563345396, -11.59408377682687, 12.562191881543493, -3.495432479650147, -3.9941674609546074, 5.952223540127383, -0.9682242653682118, 3.2757039346864394, -8.102363653274203, -7.203081936252138, 25.69584026588202, -4.791220552677969, -11.502121144436273, -10.977349826724186, -7.717231728351766, -8.812943144352882, 24.481077419275415, -10.28612612955908, 4.90793433774223, -14.030930967569647, -13.904306701050578, 32.481761163532866, -2.5559121137279766, -0.8480487235979707, -8.812840334239896, 9.404744714345826, 2.867314201486617, 3.9612761080088776, -0.983129197932988, -15.045112049707754, -3.6406668064532313, 15.800175046171887, 1.5829415902199868, -11.870197015858068, -9.229107903668153, 5.591849351290673, -14.986458472497002, -12.812090757488663, -8.925097940877878, -27.74809115430887, -14.251686182143333, -2.3532859471623073, 5.890768121187726, 10.785698471477362, -15.524396109090661, -5.315260365855075, 6.024376143441729, 9.641325623965036, 1.3648651771657767, -10.652861868614112, -6.851424925861653, -4.659649572109746, 25.072689746166667, -6.261699440078029, 12.170484657273128, -36.141588501874054, 0.289813927071965, 10.280421354470265, 4.481656133200231, 4.8787375663823696, 15.616580862193336, 1.1404190062534916, -17.8677152103426, 11.334613484496378, 5.676967567239579, -1.5875467212476062, 14.393668431702478, 1.225423628658959, -19.233384467847493, -2.0844415534945693, 10.847020117523527, 7.170114212886335, 0.5770182833393228, -10.259972909477423, 9.333351185285053, 9.316343548512856, 10.15172130232959, -8.516298895448013, -11.303186113980749, -10.661663934662325, 10.551724082026068, 19.556860600914177, 7.535479619988996, 13.84473397636288, 7.615698718321009, 5.202887021517583, -3.738075823439889, -18.254138014623468, 6.54183154497941, 13.09378393663816, -10.426670763377127, -11.171128117240201, 3.2408382312172135, -18.124001902449773, 4.179369750007065, -4.261180918048561, 2.1595135991258845, 3.93864824500462, 14.05336482120843, -8.61209675595397, -4.862545926003101, -1.037498354662405, 3.730189594442966, 10.848749280684864, 2.903868216371461, 33.57918699222827, -11.188136345270086, 3.96060920135953, -18.31393873702175, -16.193893384644504, -1.4435820768309848, -12.272587689713594, 16.336086244049735, 23.366097539745997, 1.6031312230260688, -19.47959121534051, 10.898291215195442, 10.566387889518936, -3.635048239957683, -9.965223720937168, -1.0708805447581442, 11.075494512053334, 12.259127403425568, 